ID,都道府県,城名,読み方,種類,所在地,築城年代,城主・築城者,別名,備考
129,青森県,弘前城,ひろさきじょう,,青森県弘前市大字下白銀町1-1,,津軽氏,鷹岡城、高岡城,遺構: 曲輪、石垣、土塁、横堀（水堀）、天守、櫓、門
239,青森県,根城,ねじょう,,青森県八戸市根城下町42,,南部氏,八戸城、八戸根城,遺構: 曲輪、土塁、横堀（空堀）、井戸
125,青森県,浪岡城,なみおかじょう,,青森県青森市浪岡大字浪岡岡田43,,北畠（浪岡）氏,浪岡御所,遺構: 曲輪、土塁、横堀（空堀）
131,青森県,堀越城,ほりこしじょう,,青森県弘前市堀越柏田,,曾我氏、津軽氏,－,遺構: 曲輪、土塁、横堀（空堀）、土橋
214,青森県,三戸城,さんのへじょう,,青森県三戸郡三戸町梅内城ノ下,,南部氏,留ヶ崎城、三戸高城,遺構: 曲輪、腰曲輪、石垣、土塁、横堀（空堀）、門、御台所
238,青森県,八戸城,はちのへじょう,,青森県八戸市内丸（三八城公園）,,南部氏,八戸陣屋,遺構: 移築門（角御殿表門）、土塁
190,青森県,七戸城,しちのへじょう,,青森県上北郡七戸町字七戸,,工藤氏、南部氏,柏葉城、（七戸陣屋）,遺構: 曲輪、帯曲輪、腰曲輪、土塁、横堀（空堀）、虎口、武者隠し
257,青森県,鮫浦台場,さめうらだいば,,青森県八戸市鮫町葦毛崎,,八戸藩,－,遺構: 消滅
188,青森県,福島城,ふくしまじょう,,青森県五所川原市相内露草,,安東氏,－,遺構: 曲輪、土塁、横堀、門跡
179,青森県,中里城,なかさとじょう,,青森県北津軽郡中泊町中里字亀山741他,,安東氏,－,遺構: 曲輪、土塁、横堀（空堀）、井戸跡、竪穴建物
246,青森県,黒石城,くろいしじょう,,青森県黒石市内町,,津軽氏,黒石陣屋、烏城,遺構: 横堀（空堀）跡
171,青森県,田舎館城,いなかだてじょう,,青森県南津軽郡田舎館村田舎舘字中辻,,工藤氏、安保氏？、千徳氏,－,遺構: 曲輪、土塁、横堀（空堀）
144,青森県,種里城,たねさとじょう,,青森県西津軽郡鰺ヶ沢町種里町大柳,,津軽氏,山上館,遺構: 曲輪、土塁
264,青森県,尻八館,しりはちだて,,青森県青森市後潟後潟山,,安東氏,尻八楯、尻八城、霊光城、志利幌（シリポロ）チャシ,遺構: 曲輪、腰曲輪、土塁、横堀（空堀）、堀切
163,青森県,高屋敷館,たかやしきだて,,青森県青森市浪岡大字高屋敷字野尻,,不明,－,遺構: 土塁、横堀（空堀）
216,青森県,聖寿寺館,しょうじゅじだて,,青森県三戸郡南部町小向字正寿寺,,南部氏,本三戸城,遺構: 曲輪、横堀（空堀）
256,青森県,蠣崎城,かきざきじょう,,青森県むつ市川内町蛎崎合野74-1（錦帯城公園）,,武田氏（南部氏家臣）,蛎崎城、錦帯城,遺構: 曲輪
254,青森県,田名部城,たなぶじょう,,青森県むつ市小川町2,,赤星氏（南部氏家臣）、新田盛政、八戸氏,田名部館、（田名部代官所）,遺構: 曲輪、土塁、横堀（空堀）
153,青森県,茶右衛門館,ちゃえもんだて,,青森県西津軽郡深浦町森山,,小野茶右衛門（津軽氏家臣）、森山季定（安東氏家臣）,森山館、森山東館、森山城,遺構: 曲輪、土塁、堀切
180,青森県,平舘台場,ひらだてだいば,,青森県東津軽郡外ヶ浜町字平舘田の沢,,弘前藩,－,遺構: 土塁
155,青森県,大浦城,おおうらじょう,,青森県弘前市五代早稲田,,大浦氏,八幡城、賀田城,遺構: 曲輪、土塁、横堀（水堀）、堀切
168,青森県,大光寺城,だいこうじじょう,,青森県平川市大光寺三村井他（地図は大光寺新城を示す）,,曾我氏、安東氏、南部氏、津軽氏,大光寺新城、（大光寺古館）、（大光寺五日市館）,遺構: 曲輪、土塁、横堀
189,青森県,唐川城,からかわじょう,,青森県五所川原市相内相内山国有林557,,安東氏,－,遺構: 曲輪、横堀（空堀）
243,青森県,櫛引城,くしびきじょう,,青森県八戸市櫛引館神27,,櫛引氏,－,遺構: 曲輪、横堀（空堀）
130,青森県,石川城,いしかわじょう,,青森県弘前市石川平山（大仏公園）,,曾我氏、南部氏,大仏ヶ鼻城、大渕ヶ鼻城、石川十三館、石川十三楯、岩館十三楯,遺構: 曲輪、土塁、横堀（空堀）
248,青森県,浅瀬石城,あせいしじょう,,青森県黒石市高賀野他,,千徳氏,汗石城、浅石城,遺構: 曲輪、土塁、横堀（空堀）
183,青森県,蓬田城,よもぎたじょう,,青森県東津軽郡蓬田村蓬田汐越（蓬田八幡宮）,,潮潟氏、奥瀬氏、蓬田氏,蓬田村大館、蓬田大館、蓬田館、大館城,遺構: 土塁、横堀（空堀）
143,青森県,和徳城,わっとくじょう,,青森県弘前市和徳町210-3,,安倍氏、小山内氏、森岡氏,－,遺構: 曲輪、土塁？
242,青森県,新田城,にいだじょう,,青森県八戸市新井田,,新田氏,新井田城,遺構: 曲輪、帯曲輪、横堀（空堀）
164,青森県,碇ヶ関関所,いかりがせきせきしょ,,青森県平川市碇ヶ関（地図は折橋御番所を示す）,,津軽氏,碇ヶ関御関所,遺構: 移築高麗門（道の駅「いかりがせき 関の庄」）
124,青森県,横内城,よこうちじょう,,青森県青森市横内亀井146-1,,堤（南部）氏、津軽氏,鏡城、堤城,遺構: 曲輪、横堀（空堀）
244,青森県,尻内城,しりうちじょう,,青森県八戸市尻内町大仏館,,中館政直,尻内館（大仏遺跡）,遺構: 曲輪
223,青森県,田子館,たっこたて,,青森県三戸郡田子町田子字風張,,佐々木氏、南部氏,［田子前館（前館、牛尾館）、佐々木館］,遺構: 曲輪、堀切
201,青森県,野辺地城,のへじじょう,,青森県上北郡野辺地町字野辺地,,アイヌ、野辺地氏、石井氏、小軽米氏、日戸氏,金鶏城、（野辺地代官所）,遺構: 曲輪、土塁、横堀（空堀）
178,青森県,柴崎城,しばざきじょう,,青森県北津軽郡中泊町小泊字嗽沢,,安東氏,－,遺構: 曲輪、土塁、横堀（空堀）、虎口
207,青森県,横浜館,よこはまだて,,青森県上北郡横浜町舘ノ後,,佐々木氏、横浜氏,－,遺構: 消滅
267,青森県,多宇末井館,とうまいだて,,青森県青森市浅虫字山下,,大河氏,蝦夷館、蝦夷ヶ館,遺構: 曲輪、横堀（空堀）
211,青森県,下田館,しもだだて,,青森県上北郡おいらせ町舘越（下田小学校）,,下田氏,－,遺構: 堀跡？
185,青森県,飯詰城,いいづめじょう,,青森県五所川原市飯詰字福泉,,朝日氏,高楯城、高館城,遺構: 曲輪、土塁、横堀（空堀）
260,青森県,油川城,あぶらかわじょう,,青森県青森市西田沢浜田他,,奥瀬氏,－,遺構: 曲輪、堀切
245,青森県,島守館,しまもりだて,,青森県八戸市南郷大字島守字舘（島守舘農園）,,島守氏,嶋守館,遺構: 曲輪、横堀（空堀）
227,青森県,伝法寺館,でんぽうじたて,,青森県十和田市伝法寺字伝法寺,,日の宮氏、津村氏（南部氏家臣）,日の宮館、津村館,遺構: 曲輪、土塁、横堀（空堀）
169,青森県,高畑城,たかばたけじょう,,青森県平川市高畑熊沢,,平岡氏、乳井氏,－,遺構: 土塁、堀
145,青森県,野尻館,のじりだて,,青森県青森市野尻字野田他,,南部氏？,－,遺構: 曲輪、横堀（空堀）
266,青森県,高田城,たかだじょう,,青森県青森市高田字川瀬,,土岐則基,－,遺構: 曲輪、横堀（空堀）
265,青森県,新城,しんじょう,,青森県青森市新城字平岡,,北畠（浪岡）氏,－,遺構: 曲輪、横堀（空堀）
166,青森県,中野不動館,なかのふどうだて,,青森県黒石市南中野字不動館,,築地氏,不動館城,遺構: 曲輪、土塁、横堀（空堀）
236,青森県,奥瀬館,おくせだて,,青森県十和田市奥瀬字上通,,奥瀬氏,－,遺構: 曲輪
222,青森県,剣吉城,けんよしじょう,,青森県三戸郡南部町剣吉字大館,,北氏,剣吉館、大館,遺構: 曲輪
136,青森県,三世寺館,さんぜじだて,,青森県弘前市三世寺字色吉,,不明,－,遺構: 曲輪、土塁、切岸
175,青森県,小栗山館,こぐりやまだて,,青森県弘前市小栗山字沢部,,倉光孫三郎、小栗山左京,小栗山楯,遺構: 消滅
138,青森県,乳井城,にゅういじょう,,青森県弘前市薬師堂舘ノ平,,乳井氏,大隅館、大館,遺構: 曲輪
240,青森県,風張館,かざはりだて,,青森県八戸市是川字館ノ内,,水越氏・是川氏（南部氏家臣）,是川館、下館,遺構: 曲輪、土塁、横堀（空堀）
160,青森県,目時館,めときだて,,青森県三戸郡三戸町目時（地図は小館を示す）,,目時氏,（大館・小館）,遺構: 空堀（小館）
204,青森県,内沼蝦夷館,うちぬまえぞだて,,青森県上北郡六ヶ所村大字倉内字芋ヶ崎,,不明,－,遺構: 曲輪、土塁、堀切、横堀（空堀）
186,青森県,原子城,はらこじょう,,青森県五所川原市原子字山元,,原子氏（北畠氏家臣）,原子館,遺構: 曲輪、土塁、横堀（空堀）
269,岩手県,盛岡城,もりおかじょう,,岩手県盛岡市菜園1-1-3,,南部氏,（不来方城）,遺構: 曲輪、石垣、土塁、横堀、移築土蔵、門
505,岩手県,九戸城,くのへじょう,,岩手県二戸市福岡城ノ内,,九戸氏、南部氏,福岡城、宮野城、白鳥城,遺構: 曲輪、石垣、土塁、横堀（空堀）
443,岩手県,花巻城,はなまきじょう,,岩手県花巻市城内,,安倍氏、奥州藤原氏、稗貫氏、北氏、南部氏,鳥谷ヶ崎城、鳥谷ケ崎城,遺構: 曲輪、土塁、横堀（空堀）、井戸、移築門、時鐘堂
270,岩手県,志波城,しわじょう,,岩手県盛岡市上鹿妻五兵エ新田48-1,,坂上田村麻呂,斯波城、志和城、方八丁,遺構: （発掘調査：築地塀跡、大溝、掘立柱建物跡、竪穴建物跡）
343,岩手県,胆沢城,いさわじょう／いさわのき,,岩手県奥州市水沢佐倉河渋田,,坂上田村麻呂,方八丁,遺構: （発掘調査：築地塀跡、正殿跡、脇殿跡、門跡）
381,岩手県,鍋倉城,なべくらじょう,,岩手県遠野市遠野町（鍋倉公園）,,阿曽沼氏、遠野南部氏,横田城、新横田城、遠野城,遺構: 曲輪、土塁、堀切、横堀（空堀）
320,岩手県,柳之御所,やなぎのごしょ,,岩手県西磐井郡平泉町（地図は平泉館を示す）,,藤原氏［平泉館］、白鳥氏、山名氏［白鳥舘］、安倍氏［接待館］,柳之御所［平泉館・白鳥舘・接待館］,遺構: 曲輪、土塁、横堀（空堀）［すべて］、井戸跡［平泉館］
288,岩手県,一関城,いちのせきじょう,,岩手県一関市釣山,,坂上田村麻呂、小野寺氏、田村氏（伊達氏家臣）,一関要害、高崎城、釣山館、釣山城,遺構: 曲輪、土塁、井戸
430,岩手県,岩崎城,いわさきじょう,,岩手県北上市和賀町岩崎,,岩崎氏、和賀氏、柏山氏,和賀盾,遺構: 曲輪、土塁、横堀（空堀）
473,岩手県,高水寺城,こうすいじじょう,,岩手県紫波郡紫波町二日町字古舘21-2,,斯波氏、中野氏（南部氏家臣）,郡山城、斯波館、志和館、志和城、斯波御所,遺構: 曲輪、土塁、横堀（空堀）、門跡、建物跡
361,岩手県,野手崎城,のてざきじょう,,岩手県奥州市江刺梁川,,大立目氏、小梁川氏,小梁川館、（高屋敷館）,遺構: 曲輪、土塁、横堀（空堀）、枡形
324,岩手県,豊田館,とよたのたち,,岩手県奥州市江刺岩谷堂字下苗代沢,,藤原氏,豊田城,遺構: 曲輪
472,岩手県,毒沢城,どくさわじょう,,岩手県花巻市東和町毒沢,,毒沢氏（只野氏）,毒沢館,遺構: 曲輪、帯曲輪、土塁、堀切
327,岩手県,二子城,ふたごじょう,,岩手県北上市二子町渋谷他,,和賀氏,飛勢（とばせ）城,遺構: 曲輪、腰曲輪、土塁、横堀（空堀）
527,岩手県,姉帯城,あねたいじょう,,岩手県二戸郡一戸町姉帯字川久保,,姉帯氏,－,遺構: 曲輪、土塁、堀切、横堀（空堀）、（発掘調査：建物跡）
489,岩手県,田頭城,でんどうじょう,,岩手県八幡平市田頭字館腰,,田頭氏,－,遺構: 曲輪、土塁、横堀（空堀）
391,岩手県,狐崎城,きつねざきじょう,,岩手県釜石市浜町1,,狐崎氏、荒谷肥後,狐崎館,遺構: 曲輪
346,岩手県,水沢城,みずさわじょう,,岩手県奥州市水沢大手町,,蜂谷氏、佐々木氏、大内氏、白石氏、柴田氏、石母田氏、留守氏,水沢要害、臥牛城、大休城,遺構: 移築門、土塁
354,岩手県,人首城,ひとかべじょう,,岩手県奥州市江刺米里荒町,,人首氏、南部氏、沼辺氏,人首要害、人首館,遺構: 曲輪、土塁、横堀（空堀）、枡形虎口
437,岩手県,黒岩城,くろいわじょう,,岩手県北上市黒岩18地割,,和賀氏,千曳城、岩崎塞,遺構: 曲輪、横堀（空堀）
326,岩手県,鳥海柵,とのみのさく,,岩手県胆沢郡金ヶ崎町西根字鳥海,,安倍氏,弥三郎館,遺構: （発掘調査：掘立柱建物跡、竪穴建物跡）
487,岩手県,徳丹城,とくたんじょう,,岩手県紫波郡矢巾町西徳田,,文室綿麻呂（ふんやのわたまろ）,－,遺構: （発掘調査：建物跡、築地塀跡）
394,岩手県,大槌城,おおづつじょう,,岩手県上閉伊郡大槌町14地割字稲本,,大槌氏,浜崎城、古館,遺構: 曲輪、土塁、横堀（空堀）、虎口
304,岩手県,山吹城,やまぶきじょう,,岩手県一関市大東町大原川内,,大原千葉氏,山吹館、大原城,遺構: 曲輪
495,岩手県,雫石城,しずくいしじょう,,岩手県岩手郡雫石町下町東,,戸沢氏、手塚氏、斯波氏、南部氏,滴石城、雫石御所、滴石御所、八幡館,遺構: 曲輪、土塁、横堀（空堀）
453,岩手県,寺林城,てらばやしじょう,,岩手県花巻市石鳥谷町中寺林,,河野氏、浅野六兵衛,－,遺構: 曲輪、土塁、横堀（空堀）
294,岩手県,金沢城,かざわじょう,,岩手県一関市花泉町金沢字西川,,金沢氏,朝日舘、朝日館、朝日城、旭城、東雲館、東雲城,遺構: 曲輪、腰曲輪、土塁
279,岩手県,厨川柵,くりやがわのさく,,岩手県盛岡市天昌寺町（擬定地）、安倍館町他（地図は安倍館遺跡を示す）,,安倍氏［すべて］、工藤氏［すべて］,厨川柵［安倍館・里館・厨川城］,遺構: 曲輪、横堀（空堀）［安倍館］
502,岩手県,一方井城,いっかたいじょう,,岩手県岩手郡岩手町一方井,,一方井氏,一本杉館・イチョウ館（古館）、輪台城・九井館（新館）,遺構: 曲輪、土塁、横堀（空堀）
406,岩手県,大梵天館,だいぼんてんたて,,岩手県宮古市小国,,小国氏,小国館,遺構: 曲輪、腰曲輪、土塁、堀切、横堀（空堀）
500,岩手県,久慈城,くじじょう,,岩手県久慈市大川目町,,久慈氏,新町館、八日館,遺構: 曲輪、横堀（空堀）
312,岩手県,上折壁城,かみおりかべじょう,,岩手県一関市室根町矢越字千刈田,,千葉氏（葛西氏家臣）,山吹館、山吹城、旭館,遺構: 曲輪、土塁、横堀（空堀）
408,岩手県,千徳城,せんとくじょう,,岩手県宮古市太田2,,河北閉伊氏、一戸千徳氏,－,遺構: 曲輪、横堀（空堀）、天守跡
387,岩手県,火渡館,ひわたしだて,,岩手県遠野市附馬牛町上附馬牛字火渡,,火渡氏,－,遺構: 曲輪、堀切、横堀（空堀）
508,岩手県,小瀬川館,こせがわだて,,岩手県花巻市小瀬川第3地割（地図は説明板の場所を示す）,,稗貫氏、大瀬川氏？,小瀬川城、瀬川城、瀬川館、新主館,遺構: 土塁、横堀（空堀）
471,岩手県,六日入城,むいかいりじょう,,岩手県奥州市前沢白山字古館,,麻生玄長,六日入館、六日入柵、六日城,遺構: 曲輪、土塁、横堀（空堀）
368,岩手県,末崎城,まつさきじょう,,岩手県大船渡市末崎町西舘,,武田氏（葛西氏家臣）,西舘城,遺構: 曲輪、土塁、横堀（空堀）
342,岩手県,衣川柵,ころもがわのさく,,岩手県奥州市衣川並木前,,安倍氏、清原氏,並木衣川館、並木屋敷、並木御所,遺構: 消滅
295,岩手県,二桜城,にろうじょう,,岩手県一関市花泉町花泉字上館,,清水刑部少輔、葛西清秀、留守氏（伊達氏家臣）,二桜舘、清水城、舞鶴城,遺構: 曲輪、土塁
468,岩手県,典膳館,てんぜんだて,,岩手県和賀郡西和賀町沢内新町,,太田氏,天膳館、天神館,遺構: 曲輪、土塁、横堀（空堀）
519,岩手県,大野館,おおのだて,,岩手県九戸郡洋野町大野,,大野弥五郎,東大野館,遺構: 曲輪、堀切
476,岩手県,樋爪館,ひづめだて,,岩手県紫波郡紫波町南日詰箱清水,,樋爪（藤原）氏,樋爪舘、比爪館,遺構: （発掘調査：掘立柱建物跡、竪穴建物跡、井戸跡）
380,岩手県,世田米城,せたまいじょう,,岩手県気仙郡住田町世田米（八幡神社）,,阿曾沼氏,下館、新城,遺構: 曲輪、横堀（空堀）
370,岩手県,二日市城,ふつかいちじょう,,岩手県陸前高田市気仙町二日市,,今野氏、千葉氏、鈴木氏、中島氏、大条氏、大町氏,二日市館、八幡館、鵜飼館,遺構: 曲輪、土塁、横堀（空堀）
282,岩手県,日戸館,ひのとだて,,岩手県盛岡市日戸字古屋敷,,日戸（川村）氏,一本杉館,遺構: 曲輪、土塁、横堀（空堀）
365,岩手県,米ヶ崎城,よねがさきじょう,,岩手県陸前高田市米崎町館,,浜田千葉氏,米ケ崎城、米崎城、浜田城,遺構: 曲輪、堀切、横堀（空堀）
323,岩手県,薄衣城,うすぎぬじょう,,岩手県一関市川崎町薄衣字古舘,,薄衣千葉氏（葛西氏家臣）,米倉館、葛丸館、搦手館、古館,遺構: 曲輪、横堀（空堀）
466,岩手県,四戸城,しのへじょう,,岩手県二戸市金田一舘,,四戸氏,金田一城,遺構: 曲輪、横堀（空堀）
456,岩手県,大迫城,おおはさまじょう,,岩手県花巻市大迫町大迫古館,,大迫氏,高屋敷の御館、桂林寺館、桂林館、右近館,遺構: 曲輪、土塁、横堀（空堀）、竪堀
515,岩手県,熊野館,くまのだて,,岩手県九戸郡九戸村伊保内第10地割,,九戸氏,－,遺構: 曲輪、土塁
498,岩手県,葛巻城,くずまきじょう,,岩手県岩手郡葛巻町葛巻,,葛巻氏,八幡館、（葛巻館、鏡沢館）,遺構: 曲輪
465,岩手県,田代館,たしろたて,,岩手県宮古市区界第1地割,,田代氏,－,遺構: 曲輪、帯曲輪、土塁、横堀（空堀）
513,岩手県,浄法寺城,じょうぼうじじょう,,岩手県二戸市浄法寺町八幡舘,,浄法寺氏,小幡館,遺構: 曲輪、横堀（空堀）
503,岩手県,一戸城,いちのへじょう,,岩手県二戸郡一戸町,,一戸南部氏,－,遺構: 曲輪、横堀（空堀）
426,岩手県,刈屋館,かりやだて,,岩手県宮古市刈屋,,刈屋氏,高松館、蓬田館,遺構: 曲輪、帯曲輪、土塁、横堀（空堀）
470,岩手県,鹿合館,ししあわせたて,,岩手県奥州市胆沢若柳字上鹿合,,安倍氏？、高橋氏（柏山氏家臣）？,山居館,遺構: 曲輪、土塁、横堀（空堀）
469,岩手県,見前館,みるまえだて,,岩手県盛岡市西見前8地割,,見前氏、日戸氏,見舞館,遺構: 消滅
402,岩手県,普代城,ふだいじょう,,岩手県下閉伊郡普代村普代,,三上氏,三上館,遺構: 曲輪、横堀（空堀）
292,岩手県,半目館,はんもくだて,,岩手県一関市厳美町,,不明,メッコ館,遺構: 曲輪
523,岩手県,種市城,たねいちじょう,,岩手県九戸郡洋野町種市（地図は平城跡を示す）,,種市氏,－,遺構: 曲輪、土塁、横堀（空堀）
484,岩手県,柳田館,やなぎだだて,,岩手県紫波郡紫波町片寄中平,,片寄氏（斯波氏家臣）、中野康実（南部氏家臣）,片寄城、吉兵衛館、今崎城、中野館,遺構: 曲輪、土塁、横堀（空堀）
522,岩手県,軽米城,かるまいじょう,,岩手県九戸郡軽米町大字軽米第10地割,,軽米氏、北氏,－,遺構: 曲輪、横堀跡
530,宮城県,仙台城,せんだいじょう,,宮城県仙台市青葉区,,伊達氏,青葉城、仙臺城、五城楼,遺構: 曲輪、石垣、土塁、横堀（空堀）
553,宮城県,白石城,しろいしじょう,,宮城県白石市益岡町,,白石氏、蒲生氏、上杉氏、片倉氏,益岡城、枡岡城,遺構: 曲輪、石垣、移築門、移築蔵
582,宮城県,多賀城,たがじょう,,宮城県多賀城市市川字城前,,大野東人,多賀柵,遺構: 政庁跡、築地跡、門跡、土塁、横堀（空堀）
619,宮城県,涌谷城,わくやじょう,,宮城県遠田郡涌谷町涌谷下町1,,涌谷氏、亘理氏（涌谷伊達氏）,涌谷要害,遺構: 隅櫓（太鼓堂）、曲輪、石垣、横堀（空堀）
548,宮城県,金山城,かねやまじょう,,宮城県伊具郡丸森町金山字黒森,,井戸川氏（相馬氏家臣）、中島氏（伊達氏家臣）,金山要害,遺構: 曲輪、石垣、土塁、横堀（空堀）
634,宮城県,前川本城,まえかわもとしろ,,宮城県柴田郡川崎町前川字本城,,砂金氏,中ノ内城、錦ヶ館、錦館,遺構: 曲輪、石積、土塁、横堀（空堀）、竪堀、枡形虎口
666,宮城県,姫松館,ひめまつだて,,宮城県栗原市一迫真坂字寺東,,井ノ山氏,－,遺構: 曲輪、土塁、横堀（空堀）、畝状竪堀群、堀切
650,宮城県,岩出山城,いわでやまじょう,,宮城県大崎市岩出山字城山42-2（城山公園）,,氏家氏、伊達氏,岩手沢城、岩出山要害、臥牛城,遺構: 曲輪、土塁、横堀
655,宮城県,鶴丸城,つるまるじょう,,宮城県栗原市栗駒岩ケ崎裏山,,富沢氏、伊達氏、石母田氏、田村氏、古内氏、茂庭氏、中村氏,鶴丸館、鶴舞城、岩ヶ崎要害、岩ケ崎館、岩ヶ崎城,遺構: 曲輪、土塁、堀切、井戸跡、土橋
531,宮城県,岩切城,いわきりじょう,,宮城県仙台市宮城野区岩切字入山他／利府町神谷沢,,留守氏,高森館、鴻の館,遺構: 曲輪、土塁、堀切、横堀（空堀）
540,宮城県,松森城,まつもりじょう,,宮城県仙台市泉区松森内町,,国分氏,鶴ヶ城,遺構: 曲輪、横堀（空堀）
575,宮城県,船岡城,ふなおかじょう,,宮城県柴田郡柴田町船岡館山,,芝田氏、屋代氏、原田氏、柴田氏,舟岡（船岡）要害、芝田（柴田）城、四保館、四保城,遺構: 曲輪、土塁、横堀（空堀）
550,宮城県,丸森城,まるもりじょう,,宮城県伊具郡丸森町丸森字新町,,伊達氏,丸山館、丸山城,遺構: 曲輪、横堀（空堀）
633,宮城県,石巻城,いしのまきじょう,,宮城県石巻市日和ヶ丘2,,葛西氏,日和山城,遺構: 曲輪
598,宮城県,千石城,せんごくじょう,,宮城県大崎市松山千石字本丸（御本丸公園）,,遠藤氏、石川昭光、古田重直、茂庭良元,千石館、松山城、松山館、文覚館,遺構: 曲輪、腰曲輪、土塁、堀切
586,宮城県,利府城,りふじょう,,宮城県宮城郡利府町利府字城内（館山公園）,,村岡氏、留守氏,村岡城,遺構: 曲輪、土塁、横堀（空堀）
535,宮城県,富沢館,とみさわだて,,宮城県仙台市太白区富沢舘,,粟野氏、山岸氏,－,遺構: 土塁、横堀（空堀）
669,宮城県,佐沼城,さぬまじょう,,宮城県登米市迫町佐沼内町（鹿ヶ城公園）,,照井氏、佐沼氏、石川氏、津田氏、亘理氏,佐沼要害、鹿ヶ城、鹿城,遺構: 曲輪、土塁、堀切
580,宮城県,高舘城,たかだてじょう,,宮城県名取市高舘吉田字西真坂,,藤原氏、伊達氏、福田氏（伊達氏家臣）,高舘、高舘城、羽黒城、名取要害,遺構: 曲輪、土塁、横堀（空堀）
533,宮城県,若林城,わかばやしじょう,,宮城県仙台市若林区古城2,,伊達政宗,小泉古城,遺構: 曲輪、土塁、横堀（空堀）、門（移築）
593,宮城県,大衡城,おおひらじょう,,宮城県黒川郡大衡村大衡字塩浪4-2,,大衡氏、黒川氏,駒場館、越路城、塩浪館,遺構: 曲輪、土塁
570,宮城県,亘理城,わたりじょう,,宮城県亘理郡亘理町字旧館,,亘理元宗、片倉景綱、伊達氏,亘理要害、臥牛城,遺構: 曲輪、横堀（水堀）、移築門
623,宮城県,郷六城,ごうろくじょう,,宮城県仙台市青葉区郷六宮8-3,,郷六氏（伊達氏家臣）,郷六館、郷六御殿,遺構: 曲輪、土塁、横堀（空堀）、横堀（水堀）
617,宮城県,彫堂七館,えりどうしちだて,,宮城県遠田郡美里町北浦字山前,,大崎氏,七館八沢,遺構: 曲輪、腰曲輪、土塁、横堀（空堀）
605,宮城県,中新田城,なかにいだじょう,,宮城県加美郡加美町北町三番49,,大崎氏（斯波氏）、伊達氏,－,遺構: 曲輪、土塁、横堀跡
624,宮城県,御殿館,ごてんたて,,宮城県仙台市青葉区上愛子字宮下,,国分氏？,－,遺構: 曲輪、土塁、横堀（空堀）
571,宮城県,小堤城,こづつみじょう,,宮城県亘理郡亘理町泉ケ入88,,亘理氏（武石氏）,大雄寺館,遺構: 曲輪、土塁
572,宮城県,川崎城,かわさきじょう,,宮城県柴田郡川崎町前川舘山西,,砂金氏、川崎伊達氏,川崎要害、臥牛城、前川城,遺構: 曲輪、土塁、切岸
673,宮城県,寺池城,てらいけじょう,,宮城県登米市登米町寺池桜小路,,葛西氏,寺池館、登米要害、臥牛城,遺構: 曲輪、土塁、堀切、移築搦手門
612,宮城県,名生城,みょうじょう,,宮城県大崎市古川大崎城内131,,大崎氏,御所館、義隆館、名生館,遺構: 曲輪、土塁、横堀（空堀）
625,宮城県,西館,にしだて,,宮城県仙台市青葉区下愛子字館,,山岸氏、茂庭氏、五郎八姫,御西館,遺構: 曲輪、土塁、横堀（空堀）
536,宮城県,根添城,ねぞえじょう,,宮城県仙台市太白区坪沼字根添東、館前東,,安倍氏,根添館,遺構: 曲輪、土塁、横堀（空堀）
569,宮城県,中島館,なかじまだて,,宮城県亘理郡山元町高瀬字館下,,亘理氏,高瀬館,遺構: 曲輪、土塁、腰曲輪、横堀（空堀）
564,宮城県,湯原館,ゆはらだて,,宮城県刈田郡七ヶ宿町字町裏,,横尾氏、石川氏,湯原城、湯ノ原館,遺構: 曲輪、土塁、横堀（空堀）、移築門
529,宮城県,北目城,きためじょう,,宮城県仙台市太白区郡山字館ノ内他,,粟野氏、屋代氏、伊達政宗,－,遺構: （発掘調査：障子堀跡）
629,宮城県,小野城,おのじょう,,宮城県東松島市小野字笹ケ森,,長江氏,小野館、梅ヶ森城、梅ヶ森館,遺構: 曲輪、腰曲輪、横堀（空堀）
565,宮城県,角田城,かくだじょう,,宮城県角田市角田字牛舘1,,田手氏、伊達氏、石川氏,角田要害、金鶏館、金鶏ヶ館、臥牛城,遺構: 曲輪、横堀、移築門
547,宮城県,国分鞭館,こくぶんむちだて,,宮城県仙台市宮城野区五輪1（推定地）,,藤原泰衡,国分原鞭楯、鞭楯、鞭館,遺構: 消滅
542,宮城県,長命館,ちょうめいだて,,宮城県仙台市泉区加茂2,,長命氏,－,遺構: 曲輪、土塁、横堀（空堀）
532,宮城県,今泉城,いまいずみじょう,,宮城県仙台市若林区今泉2,,須田玄蕃,玄蕃館、（今泉遺跡）,遺構: 消滅
664,宮城県,津久毛橋城,つくもばしじょう,,宮城県栗原市金成津久毛字平形松迫,,北畠氏,－,遺構: 曲輪、土塁、横堀（空堀）
609,宮城県,古川城,ふるかわじょう,,宮城県大崎市古川二ノ構7-67,,大崎氏、古川氏（大崎市家臣）、木村氏、鈴木元信（伊達氏家臣）,－,遺構: 曲輪、横堀、土塁、移築門（瑞川寺山門）
642,宮城県,塩野田館,しおのだだて,,宮城県石巻市須江字館,,須藤勘解由左衛門？、矢代斉三郎？,塩煮田館,遺構: 曲輪、腰曲輪、土塁、横堀（空堀）
628,宮城県,赤岩城,あかいわじょう,,宮城県気仙沼市字松川,,熊谷氏,赤岩館、熊谷本城,遺構: 曲輪、堀切、切岸
578,宮城県,下野郷館,しものごうだて,,宮城県岩沼市下野郷字舘内、舘外,,奥山氏,矢野目足軽館、矢野目足軽城,遺構: 横堀（水堀）
560,宮城県,平沢城,ひらさわじょう,,宮城県刈田郡蔵王町平沢字内屋敷,,甘糟氏？、中島氏？、高野氏,平沢要害、平沢館、寝牛館、臥牛（ねうし）館、勝岡城,遺構: 曲輪、土塁、横堀（空堀）
658,宮城県,伊治城,いじじょう／いちじょう,,宮城県栗原市築館字城生野大堀、唐崎要害他,,伊治呰麻呂,－,遺構: 土塁、掘立柱建物跡、竪穴住居跡、塀跡
537,宮城県,沖野城,おきのじょう,,宮城県仙台市若林区沖野7他,,粟野氏,－,遺構: （発掘調査：土塁、横堀）
534,宮城県,小鶴城,こづるじょう,,宮城県仙台市宮城野区新田3,,逸見氏、佐藤三郎、柴田弘邦、吉田左近,－,遺構: 曲輪、土塁、横堀（空堀）
695,宮城県,津谷館,つやだて,,宮城県気仙沼市本吉町津谷舘岡,,米倉氏,獅子ヶ館、獅子が館,遺構: 曲輪、土塁、横堀（空堀）
603,宮城県,城生柵,じょうのさく,,宮城県加美郡加美町城生字裏他,,不明,（城生遺跡）,遺構: 井戸跡、門跡、竪穴住居跡
545,宮城県,杭城,くいじょう,,宮城県仙台市泉区西田中字杭城山,,須藤氏,杭城館,遺構: 曲輪、土塁、横堀（空堀）、土橋
696,宮城県,遠野城,とおのじょう,,宮城県気仙沼市本吉町馬籠町頭,,馬籠千葉氏,遠野館、馬籠塁,遺構: 曲輪、土塁、横堀（空堀）、土橋
665,宮城県,花山館,かさんだて,,宮城県栗原市花山字本沢渕牛,,安倍（厨川）氏、佐藤氏,花山城、華山城、淵牛（淵及）館,遺構: 曲輪、腰曲輪、土塁、堀切
656,宮城県,高清水城,たかしみずじょう,,宮城県栗原市高清水東館他,,木村氏、亘理氏、石母田氏,高泉城、鬼ヶ城、高清水要害,遺構: 曲輪、土塁、横堀跡
649,宮城県,横浦館,よこうらだて,,宮城県牡鹿郡女川町横浦字横浦,,不明,－,遺構: 曲輪、横堀（空堀）
610,宮城県,宮沢城,みやざわじょう,,宮城県大崎市古川宮沢字舘ノ内,,岩崎氏（大崎氏家臣）、長沼氏（伊達氏家臣）,鵜ヶ城、宮沢要害,遺構: 曲輪、土塁、横堀（空堀）
602,宮城県,宮崎城,みやざきじょう,,宮城県加美郡加美町宮崎字麓,,笠原氏、牧野氏（伊達氏家臣）、石母田氏（伊達氏家臣）,宮崎館、古館、荒谷城,遺構: 曲輪、土塁、横堀（空堀）
555,宮城県,地蔵院館,じぞういんだて,,宮城県白石市斎川地蔵院舘,,不明,－,遺構: 曲輪、土塁、横堀（空堀）
546,宮城県,遠藤館,えんどうだて,,宮城県仙台市宮城野区中野字沼向,,遠藤氏,（沼向遺跡）,遺構: 消滅
627,宮城県,花淵城,はなぶちじょう,,宮城県宮城郡七ヶ浜町花淵浜字古館,,花渕氏,花淵館、花渕城,遺構: 曲輪、横堀（空堀）
549,宮城県,遠倉館,とおのくらだて,,宮城県伊具郡丸森町大張川張遠ノ倉,,不明,－,遺構: 曲輪、土塁、横堀（空堀）
543,宮城県,平賀館,ひらがだて,,宮城県仙台市青葉区作並上ノ台下,,平賀源蔵,－,遺構: 曲輪
690,宮城県,朝日館,あさひだて,,宮城県本吉郡南三陸町志津川字下保呂毛,,本吉氏,朝日城、旭館、志津川城,遺構: 曲輪、石垣、土塁、横堀（空堀）
707,秋田県,久保田城,くぼたじょう,,秋田県秋田市千秋公園1-39,,佐竹氏,窪田城、矢留城、葛根城、秋田城,遺構: 曲輪、土塁、横堀（水堀）、門、番所
794,秋田県,脇本城,わきもとじょう,,秋田県男鹿市脇本脇本七沢他,,安東氏、脇本氏,生鼻城、太平城,遺構: 曲輪、土塁、横堀（空堀）、井戸跡
750,秋田県,横手城,よこてじょう,,秋田県横手市城山町,,小野寺氏、伊達氏・須田氏・戸村氏（佐竹氏家臣）,朝倉城、阿櫻城、韮城、龍ヶ崎城,遺構: 曲輪、土塁
706,秋田県,秋田城,あきたのき／あきたじょう,,秋田県秋田市寺内大畑,,秋田城介（鎮秋田城国司）,－,遺構: 築地、土塁、建物跡、住居跡
783,秋田県,払田柵,ほったのさく,,秋田県大仙市仙北町払田,,不明,－,遺構: 石垣、土塁、横堀（空堀）
801,秋田県,檜山安東氏城館,ひやまあんどうしじょうかん,,秋田県能代市檜山他（地図は檜山城を示す）,,安東氏［すべて］、小場義成・多賀谷氏（佐竹氏家臣）［檜山城］,檜山安東氏城館［檜山城（霧山城、堀ノ内城）・大館・茶臼館］,遺構: 曲輪、土塁、横堀（空堀）、堀切［すべて］
789,秋田県,角館城,かくのだてじょう,,秋田県仙北市角館町古城山,,戸沢氏、蘆名義広、佐竹氏,古城山城、小松山城,遺構: 曲輪、横堀（空堀）
747,秋田県,稲庭城,いなにわじょう,,秋田県湯沢市稲庭町字古舘前平50,,小野寺氏,鶴ヶ城、舞鶴城,遺構: 曲輪、土塁、堀切
749,秋田県,金沢柵,かねざわさく,,秋田県横手市金沢中野字安本館,,清原氏、東将監（佐竹氏家臣）,金沢城,遺構: 曲輪、土塁、堀切、横堀（空堀）
742,秋田県,西馬音内城,にしもないじょう,,秋田県雄勝郡羽後町西馬音内堀回,,小野寺氏,川名池城,遺構: 曲輪、腰曲輪、土塁、横堀（空堀）、井戸
743,秋田県,本荘城,ほんじょうじょう,,秋田県由利本荘市尾崎（本荘公園）,,楯岡氏、本多正純、六郷氏,鶴舞城、尾崎城,遺構: 曲輪、土塁、横堀（水堀）
842,秋田県,浦城,うらじょう,,秋田県南秋田郡八郎潟町浦大町字里ヶ久38他,,三浦氏,浦村城,遺構: 曲輪、帯曲輪、堀切
727,秋田県,八森城,はちもりじょう,,秋田県由利本荘市矢島町城内,,大井氏（矢島氏）、楯岡満広（最上氏家臣）、打越氏、生駒氏（陣屋）,八森館、矢島城、（八森陣屋）、（矢島陣屋）,遺構: 曲輪、土塁、横堀（空堀）、横堀（水堀）
790,秋田県,戸沢氏城館,とざわしじょうかん,,秋田県仙北市西木町小山田他（地図は門屋城を示す）,,戸沢氏［すべて］、門屋氏［門屋城］、小保田氏［古堀田城］,戸沢氏城館［門屋城・古堀田城］,遺構: 曲輪、横堀（空堀）［すべて］、土塁、井戸［門屋城］、竪堀［古堀田城］
746,秋田県,湯沢城,ゆざわじょう,,秋田県湯沢市古館山,,小野寺氏、楯岡満茂（最上氏家臣）,－,遺構: 曲輪、土塁、堀切、櫓台
805,秋田県,大館城,おおだてじょう,,秋田県大館市中城,,浅利氏、北氏（南部氏家臣）、秋田氏、小場氏（佐竹氏家臣）,桂城,遺構: 曲輪、石垣、土塁、横堀（水堀）
725,秋田県,亀田城,かめだじょう,,秋田県由利本荘市岩城下蛇田字高城4,,岩城氏,天鷺城、（亀田陣屋）,遺構: 曲輪、土塁、横堀（空堀）
708,秋田県,湊城,みなとじょう,,秋田県秋田市土崎港中央3,,安東氏、佐竹氏,－,遺構: 曲輪、横堀（水堀）
748,秋田県,小野城,おのじょう,,秋田県湯沢市泉沢,,姉崎氏、町田氏（小野寺氏家臣）,－,遺構: 曲輪、堀切、横堀（空堀）、畝状堅堀群、虎口
797,秋田県,五城目城,ごじょうめじょう,,秋田県南秋田郡五城目町字兎品沢62-2,,藤原秀盛、五十目氏,砂沢城,遺構: 曲輪、帯曲輪
787,秋田県,唐松城,からまつじょう,,秋田県大仙市協和境字唐松岳,,安東氏,－,遺構: 曲輪、腰曲輪、堀切、畝状竪堀、土塁
722,秋田県,山根館,やまねだて,,秋田県にかほ市小国字古館1-2他,,仁賀保氏,山根城、院内館、仁賀保館,遺構: 曲輪、土塁、横堀（空堀）、井戸
782,秋田県,六郷城,ろくごうじょう,,秋田県仙北郡美郷町六郷字古館104-1他,,六郷氏、佐竹義重,－,遺構: 曲輪、横堀（空堀）
761,秋田県,大鳥井柵,おおとりいさく,,秋田県横手市大鳥町、新坂町,,清原氏,（大鳥井山遺跡）、大鳥柵、関根柵,遺構: 土塁、横堀（空堀）
792,秋田県,本堂城,ほんどうじょう,,秋田県仙北郡美郷町本堂城回,,本堂氏,－,遺構: 曲輪、土塁、横堀（水堀）
763,秋田県,吉田城,よしだじょう,,秋田県横手市平鹿町上吉田間内字吉田51-1他,,小野寺氏、茂木監物（佐竹氏家臣）,西法寺館,遺構: 曲輪、土塁、横堀（空堀）
785,秋田県,楢岡城,ならおかじょう,,秋田県大仙市南外揚土,,佐原氏、楢岡（小笠原）氏,揚土城,遺構: 曲輪、腰曲輪、堀切、横堀（空堀）、土塁、虎口
745,秋田県,岩崎城,いわさきじょう,,秋田県湯沢市岩崎（千年公園）,,岩崎氏、原田氏（最上氏家臣）,一名建ヶ城、（岩崎陣屋）,遺構: 曲輪、櫓台、土塁、横堀、井戸跡
802,秋田県,染川城,そめかわじょう,,秋田県男鹿市北浦相川字神田,,安東氏,三品館,遺構: 曲輪、土塁、堀切、横堀（空堀）
841,秋田県,白岩城,しらいわじょう,,秋田県仙北市角館町白岩,,白岩氏,－,遺構: 曲輪、腰曲輪、堀切
739,秋田県,赤館,あかだて,,秋田県由利本荘市鳥海町上笹子色田字赤館,,金子阿部氏,－,遺構: 曲輪、土塁、堀切、竪堀
731,秋田県,滝沢城,たきざわじょう,,秋田県由利本荘市前郷,,滝沢氏,－,遺構: 曲輪、土塁、横堀（水堀）
772,秋田県,大森城,おおもりじょう,,秋田県横手市大森町大森（大森公園）,,小野寺氏,岩渕城、岩淵城,遺構: 曲輪、帯曲輪
804,秋田県,蝦夷館,えぞだて,,秋田県山本郡八峰町峰浜目名潟字竹長根,,安倍氏,河北館,遺構: 曲輪、横堀（空堀）
718,秋田県,塩越城,しおこしじょう,,秋田県にかほ市象潟町字二の丸他,,池田氏、仁賀保氏,八十島城,遺構: 曲輪、石垣、土塁
832,秋田県,大湯館,おおゆだて,,秋田県鹿角市十和田大湯,,大湯氏、赤尾氏、北氏,和町館、新城,遺構: 曲輪、土塁、横堀（空堀）
818,秋田県,十狐城,とっこじょう,,秋田県大館市比内町独鈷字館間,,浅利氏,独鈷城,遺構: 曲輪、横堀（空堀）
781,秋田県,四十二館,しじゅうにだて,,秋田県大仙市藤木字乙糠塚1他,,清原氏？,－,遺構: 曲輪、横堀（水堀）、掘立柱建物跡、井戸跡
711,秋田県,白華城,はっかじょう,,秋田県秋田市豊岩豊巻字杉ノ下他,,安東氏,－,遺構: 曲輪、堀切、横堀（空堀）
837,秋田県,館平城,たてひらじょう,,秋田県能代市二ツ井町荷上場字町館,,浅利氏、額田氏（浅利氏家臣）,館平山城、町館,遺構: 曲輪、横堀（空堀）
799,秋田県,戸沢城,とざわじょう,,秋田県仙北市西木町上檜木内下戸沢,,戸沢氏,－,遺構: 曲輪、横堀（空堀）
724,秋田県,小友館,おともだて,,秋田県秋田市下新城小友字箒田,,安倍氏、新庄氏、安東氏,阿彦館,遺構: 曲輪、帯曲輪、腰曲輪、横堀（空堀）、土塁
715,秋田県,白根館,しらねだて,,秋田県秋田市雄和平沢字水沢125他,,白根氏（安東氏家臣）,清水館、清水城,遺構: 曲輪、横堀（空堀）、井戸跡、土橋、堀切
738,秋田県,玉米館,とうまいだて,,秋田県由利本荘市東由利舘合舘野（八塩小学校）,,玉米氏,米本館、元館,遺構: 曲輪、土塁
836,秋田県,明利又城,あかりまたじょう,,秋田県北秋田市七日市字明利又,,浅利氏,－,遺構: 曲輪、横堀（空堀）、竪堀
809,秋田県,川口館,かわぐちだて,,秋田県大館市川口字長里（河口八幡神社）,,佐藤氏（浅利氏家臣）,－,遺構: 曲輪、横堀（空堀）
717,秋田県,豊島城,としまじょう,,秋田県秋田市河辺戸島字戸島館他,,黒川氏、豊島氏,豊島館、戸島館、（桑木城）,遺構: 曲輪、土塁、堀切、竪堀
712,秋田県,太平城,たいへいじょう,,秋田県秋田市太平目長崎,,永井氏,舞鶴館、オエダラ城,遺構: 曲輪、横堀（空堀）、腰曲輪、堀切
829,秋田県,石鳥谷館,いしどりやたて,,秋田県鹿角市八幡平石鳥谷（渡部家住宅）,,石鳥谷氏,石鳥屋館,遺構: 曲輪、横堀（空堀）
800,秋田県,金山館,かなやまだて,,秋田県能代市向能代字平影野,,不明,－,遺構: 消滅？
850,山形県,山形城,やまがたじょう,,山形県山形市霞城町1（霞城公園）,,最上氏、鳥居氏、堀田氏、秋元氏,霞城、霞ヶ城、吉字城,遺構: 曲輪、石垣、横堀（空堀）、移築門、移築御殿
874,山形県,米沢城,よねざわじょう,,山形県米沢市丸の内1,,長井氏、伊達氏、蒲生氏、上杉氏,舞鶴城、松ヶ岬城,遺構: 曲輪、土塁、横堀（水堀）
884,山形県,上山城,かみのやまじょう,,山形県上山市元城内3-7（月岡公園）,,上山氏、小簗川氏（伊達氏家臣）、武衛氏、里見民部（最上氏家臣）、能見松平氏、蒲生氏、土岐氏、金森氏、藤井松平氏,月岡城,遺構: 曲輪、石垣、土塁、横堀（空堀）
875,山形県,舘山城,たてやまじょう,,山形県米沢市舘山,,新田氏（奥州藤原氏）、伊達氏,館山城,遺構: 曲輪、石垣、土塁、横堀（空堀）
947,山形県,鶴ヶ岡城,つるがおかじょう,,山形県鶴岡市馬場町,,武藤氏、上杉氏、最上氏、酒井氏,鶴ケ岡城、鶴岡城、大宝寺城、大梵寺城,遺構: 曲輪、石垣、土塁、横堀（水堀）、藩校、庭園
851,山形県,長谷堂城,はせどうじょう,,山形県山形市長谷堂,,最上氏、志村氏、坂氏,亀ヶ城、楯山,遺構: 曲輪、土塁、横堀（空堀）
970,山形県,松山城,まつやまじょう,,山形県酒田市松山町山田,,酒井氏,松嶺城,遺構: 大手門、横堀、土塁
1025,山形県,新庄城,しんじょうじょう,,山形県新庄市堀端町6,,戸澤氏,沼田城、鵜沼城,遺構: 曲輪、石垣、土塁、櫓台、横堀（水堀）
966,山形県,城輪柵,きのわさく,,山形県酒田市城輪,,大和朝廷,－,遺構: 掘立柱建物跡、礎石建物跡
864,山形県,左沢楯山城,あてらざわたてやまじょう,,山形県西村山郡大江町,,左沢氏、最上氏、酒井氏,左沢城,遺構: 曲輪、帯曲輪、堀切、切岸
952,山形県,出羽丸岡城,でわまるおかじょう,,山形県鶴岡市丸岡字町ノ内68他,,押切氏、丸岡氏、武藤氏、上杉氏、最上氏、酒井氏,丸岡城,遺構: 土塁、堀
895,山形県,畑谷城,はたやじょう,,山形県東村山郡山辺町畑谷,,江口氏（最上氏家臣）,－,遺構: 曲輪、土塁、横堀（空堀）
1011,山形県,清水城,しみずじょう,,山形県最上郡大蔵村清水、比良,,清水氏,－,遺構: 曲輪、土塁、横堀（空堀）
909,山形県,天童城,てんどうじょう,,山形県天童市天童（天童公園）,,天童氏,舞鶴山城、舞鶴城、天童古城,遺構: 曲輪、土塁、横堀（空堀）、井戸
886,山形県,中山城,なかやまじょう,,山形県上山市中山,,中山氏、蒲生郷可、横田氏,－,遺構: 曲輪、土塁、井戸、石垣（天守台）
858,山形県,荒砥城,あらとじょう,,山形県西置賜郡白鷹町大字荒砥甲字盾廻1092,,荒川氏、大立目氏、水野三左衛門（蒲生氏家臣）、泉沢氏（上杉氏家臣）,八乙女城,遺構: 曲輪、土塁、横堀（空堀）、横堀（水堀）、帯曲輪、井戸跡
963,山形県,新田目城,あらためじょう,,山形県酒田市本楯字新田目89,,須藤氏、留守氏,－,遺構: 土塁、横堀（水堀）
977,山形県,砂越城,さごしじょう,,山形県酒田市砂越楯之内,,砂越氏,砂越古館,遺構: 曲輪、土塁、横堀（空堀）、虎口
954,山形県,藤島城,ふじしまじょう,,山形県鶴岡市藤島古楯跡,,葉室氏、久我氏、堀川氏、北畠氏、土佐林氏、丸岡氏、栗田氏、木戸氏、新関氏,－,遺構: 曲輪、土塁、横堀
999,山形県,次年子館,じねんごたて,,山形県北村山郡大石田町次年子,,森氏？,次年子楯、台屋城,遺構: 曲輪、土塁、堀切、横堀（空堀）、畝状竪堀群
936,山形県,延沢城,のべさわじょう,,山形県尾花沢市延沢三日町,,延沢氏,霧山城、野辺山城,遺構: 曲輪、土塁、横堀（空堀）
945,山形県,尾浦城,おうらじょう,,山形県鶴岡市大山城山,,武藤氏,大山城、大浦城,遺構: 曲輪、横堀（空堀）
961,山形県,小国城,おぐにじょう,,山形県鶴岡市小国甲,,小国氏,－,遺構: 曲輪、土塁、横堀（空堀）、虎口
856,山形県,山家城,やんべじょう,,山形県山形市高原町,,山家氏,高原城,遺構: 曲輪、土塁、堀切、横堀（空堀）、虎口、石垣
932,山形県,東根城,ひがしねじょう,,山形県東根市東根,,小田島氏、坂本氏、里見氏,小田島城,遺構: 曲輪、土塁、横堀（水堀）
896,山形県,山野辺城,やまのべじょう,,山形県東村山郡山辺町山辺,,山野辺氏、日野氏,山辺城、小鶴城,遺構: 曲輪、土塁、横堀（空堀）
861,山形県,小松城,こまつじょう,,山形県東置賜郡川西町中小松,,船山氏、大町氏、桑折氏、牧野氏,伊達番城,遺構: 曲輪、土塁、横堀
1007,山形県,金山城,かねやまじょう,,山形県最上郡金山町金山,,丹氏、鮭延氏,金山館、楯山城、高楯,遺構: 曲輪、石垣、土塁、横堀（空堀）、移築長屋門（万宝院）
1006,山形県,鮭延城,さけのべじょう,,山形県最上郡真室川町大字内町字古城,,鮭延氏,真室城、真鶴城,遺構: 曲輪、土塁、横堀（空堀）、竪堀
935,山形県,長瀞城,ながとろじょう,,山形県東根市長瀞,,西根氏、最上氏、長瀞氏、米津氏（陣屋）,（長瀞陣屋）、雁城,遺構: 曲輪、横堀
924,山形県,楯岡城,たておかじょう,,山形県村山市楯岡楯山,,前森氏、本城氏、楯岡氏、中山玄蕃、山野辺義忠、鮭延愛綱、多田氏,舞鶴城,遺構: 曲輪、石積、横堀（水堀）、横堀（空堀）、切岸、堀切
862,山形県,萩生城,はぎゅうじょう,,山形県西置賜郡飯豊町萩生,,国分氏,－,遺構: 曲輪、土塁、横堀（水堀）
854,山形県,成沢城,なりさわじょう,,山形県山形市蔵王成沢（成沢城跡公園）,,成沢氏、坂紀伊守、氏家尾張守、安食大和守、寺内薩摩守,氏家館、鳴沢館,遺構: 曲輪、土塁、横堀（空堀）
984,山形県,観音寺城,かんのんじじょう,,山形県酒田市麓楯ノ腰,,来次氏、寺尾伝右衛門,来次城,遺構: 曲輪、土塁、横堀（空堀）
918,山形県,寒河江城,さがえじょう,,山形県寒河江市丸内1,,大江氏,－,遺構: 横堀（水堀）
962,山形県,亀ヶ崎城,かめがさきじょう,,山形県酒田市亀ヶ崎1-3-60（酒田東高校）,,東禅寺氏（大宝寺氏家臣）、本庄繁長・甘粕景継・志田義秀（上杉氏家臣）、志村光安（最上氏家臣）、酒井氏,酒田城、東禅寺城,遺構: 曲輪、土塁、移築搦手門（円通寺）
955,山形県,平形館,ひらかたたて,,山形県鶴岡市平形字桜屋敷,,平賀（平形）氏,－,遺構: 曲輪、土塁、横堀（空堀）
906,山形県,狩川城,かりかわじょう,,山形県東田川郡庄内町狩川楯下,,斎藤俊氏、北楯利長,楯山城、旭城,遺構: 曲輪、土塁
908,山形県,横山城,よこやまじょう,,山形県東田川郡三川町横山,,押切氏、武藤氏,－,遺構: 土塁、横堀（空堀）
989,山形県,北目館,きためたて,,山形県飽海郡遊佐町北目楯ノ内,,菅原氏,北目楯,遺構: 曲輪、土塁、横堀（空堀）
890,山形県,小漆川城,こうるしがわじょう,,山形県西村山郡大江町左沢,,酒井氏,左沢小漆川城,遺構: 曲輪、土塁、横堀（空堀）、移築門（巨海院）
853,山形県,中野城,なかのじょう,,山形県山形市中野,,中野氏,中野館,遺構: 横堀（空堀）
1012,山形県,小国城,おぐにじょう,,山形県最上郡最上町本城,,蔵増（小国）氏,－,遺構: 曲輪、土塁、横堀（空堀）
997,山形県,岩鼻館,いわはなたて,,山形県最上郡戸沢村蔵岡岩花,,鮭延氏、最上氏,岩花館,遺構: 曲輪、土塁、横堀（空堀）
930,山形県,富並城,とみなみじょう,,山形県村山市富並1,,富並氏,富並楯、鬼甲城,遺構: 曲輪、腰曲輪、横堀（空堀）
893,山形県,谷地城,やちじょう,,山形県西村山郡河北町谷地字内楯,,中条氏、白鳥氏、下忠吉,谷地館,遺構: 曲輪、土塁
914,山形県,高擶城,たかだまじょう,,山形県天童市高擶,,高擶氏、天童氏、斎藤伊予守（最上氏家臣）,（高擶陣屋）,遺構: 水堀跡
891,山形県,沼平館,ぬまのたいらたて,,山形県西村山郡西川町綱取,,東海林氏,沼の平館、沼平楯、沼之平城,遺構: 曲輪、土塁、横堀（空堀）
873,山形県,小国城,おぐにじょう,,山形県西置賜郡小国町大字小国小坂町,,上郡山盛為（伊達氏家臣）、佐久間安次（蒲生氏家臣）、奈良沢主殿（上杉氏家臣）,－,遺構: 曲輪、土塁
846,山形県,中里館,なかざとだて,,山形県山形市中里字二本堂,,安食氏,二本堂館,遺構: 曲輪、帯曲輪、腰曲輪、土塁、堀切
949,山形県,高坂館,たかさかだて,,山形県最上郡真室川町差首鍋,,安部氏,－,遺構: 曲輪、腰曲輪、土塁、横堀（空堀）
953,山形県,大網館,おおあみだて,,山形県鶴岡市大網字興屋,,渡野辺氏,楯山,遺構: 曲輪、土塁、堀切、横堀（空堀）、帯曲輪
915,山形県,寺津城,てらづじょう,,山形県天童市寺津,,寺津氏,寺津館,遺構: 横堀（空堀）跡
964,山形県,岩井出館,いわいでたて,,山形県酒田市北俣岩代25,,阿部氏,磐井出楯、磐井出館、岩代城、小槌ヶ城,遺構: 櫓台跡、虎口、土塁
852,山形県,上野館,うわのたて,,山形県山形市蔵王上野,,不明,－,遺構: 曲輪、腰曲輪、土塁、横堀（空堀）、堀切
939,山形県,立谷沢城,たちやざわじょう,,山形県東田川郡庄内町科沢滝ノ沢,,安達氏,－,遺構: 土塁、横堀（空堀）
845,山形県,中堀館,なかぼりたて,,山形県天童市川原子字中堀,,滝口氏、浅岡氏,川原子館,遺構: 曲輪、横堀（空堀）
847,山形県,岩波館,いわなみたて,,山形県山形市大字岩波,,会田主計、日野光綱,－,遺構: 曲輪、堀切、虎口
